{
    "type": "minecraft:chest",
    "pools": [
        {
            "rolls": {
                "type": "minecraft:uniform",
                "min": 2.0,
                "max": 8.0
            },
            "bonus_rolls": 0.0,
            "entries": [
                {
                    "type": "minecraft:item",
                    "weight": 15,
                    "functions": [
                        {
                            "function": "minecraft:set_count",
                            "count": {
                                "type": "minecraft:uniform",
                                "min": 1.0,
                                "max": 3.0
                            },
                            "add": false
                        }
                    ],
                    "name": "minecraft:apple"
                },
                {
                    "type": "minecraft:item",
                    "weight": 15,
                    "functions": [
                        {
                            "function": "minecraft:set_count",
                            "count": {
                                "type": "minecraft:uniform",
                                "min": 1.0,
                                "max": 4.0
                            },
                            "add": false
                        }
                    ],
                    "name": "minecraft:coal"
                },
                {
                    "type": "minecraft:item",
                    "weight": 10,
                    "functions": [
                        {
                            "function": "minecraft:set_count",
                            "count": {
                                "type": "minecraft:uniform",
                                "min": 1.0,
                                "max": 3.0
                            },
                            "add": false
                        }
                    ],
                    "name": "minecraft:gold_nugget"
                },
                {
                    "type": "minecraft:item",
                    "weight": 2,
                    "name": "minecraft:stone_axe"
                },
                {
                    "type": "minecraft:item",
                    "weight": 10,
                    "name": "minecraft:rotten_flesh"
                },
                {
                    "type": "minecraft:item",
                    "name": "minecraft:emerald"
                },
                {
                    "type": "minecraft:item",
                    "weight": 10,
                    "functions": [
                        {
                            "function": "minecraft:set_count",
                            "count": {
                                "type": "minecraft:uniform",
                                "min": 2.0,
                                "max": 3.0
                            },
                            "add": false
                        }
                    ],
                    "name": "minecraft:wheat"
                }
            ]
        },
        {
            "rolls": 1.0,
            "bonus_rolls": 0.0,
            "entries": [
                {
                    "type": "minecraft:item",
                    "name": "minecraft:golden_apple"
                }
            ]
        },
        {
            "rolls": 1,
            "entries": [
                {
                    "type": "item",
                    "weight": 1,
                    "name": "minecraft:spyglass",
                    "functions": [
                        {
                            "function": "set_nbt",
                            "tag": "{display:{Name:'[{\"text\":\"Galilean Telescope\",\"italic\":false}]',Lore:['[{\"text\":\"Villagers might be interested in this...\",\"italic\":false}]']},Enchantments:[{}],tag:\"mt_astronomy\"}"
                        }
                    ]
                }
            ]
        }
    ]
}