{
    "type": "minecraft:chest",
    "pools": [
        {
        "rolls": {
            "min": 2.0,
            "max": 8.0,
            "type": "minecraft:uniform"
        },
        "entries": [
            {
            "type": "minecraft:item",
            "weight": 10,
            "functions": [
                {
                "function": "minecraft:set_count",
                "count": {
                    "min": 1.0,
                    "max": 4.0,
                    "type": "minecraft:uniform"
                }
                }
            ],
            "name": "minecraft:coal"
            },
            {
            "type": "minecraft:item",
            "weight": 10,
            "functions": [
                {
                "function": "minecraft:set_count",
                "count": {
                    "min": 1.0,
                    "max": 3.0,
                    "type": "minecraft:uniform"
                }
                }
            ],
            "name": "minecraft:gold_nugget"
            },
            {
            "type": "minecraft:item",
            "name": "minecraft:emerald"
            },
            {
            "type": "minecraft:item",
            "weight": 10,
            "functions": [
                {
                "function": "minecraft:set_count",
                "count": {
                    "min": 2.0,
                    "max": 3.0,
                    "type": "minecraft:uniform"
                }
                }
            ],
            "name": "minecraft:wheat"
            }
        ]
        },
        {
        "rolls": 1,
        "entries": [
            {
            "type": "minecraft:item",
            "name": "minecraft:golden_apple"
            },
            {
            "type": "minecraft:item",
            "weight": 5,
            "functions": [
                {
                "function": "minecraft:enchant_randomly"
                }
            ],
            "name": "minecraft:book"
            },
            {
            "type": "minecraft:item",
            "name": "minecraft:leather_chestplate"
            },
            {
            "type": "minecraft:item",
            "name": "minecraft:golden_helmet"
            },
            {
            "type": "minecraft:item",
            "weight": 5,
            "functions": [
                {
                "function": "minecraft:enchant_randomly"
                }
            ],
            "name": "minecraft:fishing_rod"
            },
            {
            "type": "minecraft:item",
            "weight": 10,
            "functions": [
                {
                "function": "minecraft:exploration_map",
                "decoration": "red_x",
                "zoom": 1,
                "skip_existing_chunks": false
                }
            ],
            "name": "minecraft:map"
            }
        ]
        },         
        {
            "rolls": 1,
            "entries": [{
                    "type": "item",
                    "weight": 1,
                    "name": "minecraft:nautilus_shell",
                    "functions": [{
                        "function": "set_nbt",
                        "tag": "{display:{Name:'[{\"text\":\"Ancient Shell\",\"italic\":false}]',Lore:['[{\"text\":\"Villagers might be interested in this...\",\"italic\":false}]']},Enchantments:[{}],tag:\"mt_ocean\"}"
                    }]
                },
                {
                    "type": "empty",
                    "weight": 3
                }
            ]
        }
    ]
}