{
    "type": "minecraft:block",
    "pools": [
      {
        "rolls": 1.0,
        "entries": [
          {
            "type": "minecraft:alternatives",
            "children": [
              {
                "type": "minecraft:item",
                "conditions": [
                  {
                    "condition": "minecraft:block_state_property",
                    "block": "minecraft:wheat",
                    "properties": {
                      "age": "7"
                    }
                  }
                ],
                "name": "minecraft:wheat"
              },
              {
                "type": "minecraft:item",
                "name": "minecraft:wheat_seeds"
              }
            ]
          }
        ]
      },
      {
        "rolls": 1,
        "entries": [{
                "type": "item",
                "weight": 1,
                "name": "minecraft:wheat",
                "functions": [{
                    "function": "set_nbt",
                    "tag": "{display:{Name:'[{\"text\":\"Shimmering Wheat\",\"italic\":false}]',Lore:['[{\"text\":\"Villagers might be interested in this...\",\"italic\":false}]']},Enchantments:[{}],tag:\"mt_bake\"}"
                }]
            },
            {
                "type": "empty",
                "weight": 511
            }
        ]
      },
      {
        "rolls": 1.0,
        "entries": [
          {
            "type": "minecraft:item",
            "functions": [
              {
                "function": "minecraft:apply_bonus",
                "enchantment": "minecraft:fortune",
                "formula": "minecraft:binomial_with_bonus_count",
                "parameters": {
                  "extra": 3,
                  "probability": 0.5714286
                }
              }
            ],
            "name": "minecraft:wheat_seeds"
          }
        ],
        "conditions": [
          {
            "condition": "minecraft:block_state_property",
            "block": "minecraft:wheat",
            "properties": {
              "age": "7"
            }
          }
        ]
      }
    ],
    "functions": [
      {
        "function": "minecraft:explosion_decay"
      }
    ]
  }