{
    "type": "minecraft:entity",
    "pools": [
      {
        "rolls": 1,
        "entries": [
          {
            "type": "minecraft:item",
            "functions": [
              {
                "function": "minecraft:set_count",
                "count": {
                  "min": 0.0,
                  "max": 2.0,
                  "type": "minecraft:uniform"
                }
              },
              {
                "function": "minecraft:looting_enchant",
                "count": {
                  "min": 0.0,
                  "max": 1.0
                }
              }
            ],
            "name": "minecraft:leather"
          }
        ]
      },
      {
        "rolls": 1,
        "entries": [{
                "type": "item",
                "weight": 1,
                "name": "minecraft:beef",
                "functions": [{
                    "function": "set_nbt",
                    "tag": "{display:{Name:'[{\"text\":\"Wagyu Beef\",\"italic\":false}]',Lore:['[{\"text\":\"Villagers might be interested in this...\",\"italic\":false}]']},Enchantments:[{}],tag:\"mt_chef\"}"
                }]
            },
            {
                "type": "empty",
                "weight": 127
            }
        ]
      },
      {
        "rolls": 1,
        "entries": [
          {
            "type": "minecraft:item",
            "functions": [
              {
                "function": "minecraft:set_count",
                "count": {
                  "min": 1.0,
                  "max": 3.0,
                  "type": "minecraft:uniform"
                }
              },
              {
                "function": "minecraft:furnace_smelt",
                "conditions": [
                  {
                    "condition": "minecraft:entity_properties",
                    "predicate": {
                      "flags": {
                        "is_on_fire": true
                      }
                    },
                    "entity": "this"
                  }
                ]
              },
              {
                "function": "minecraft:looting_enchant",
                "count": {
                  "min": 0.0,
                  "max": 1.0
                }
              }
            ],
            "name": "minecraft:beef"
          }
        ]
      }
    ]
  }