{
    "type": "minecraft:entity",
    "pools": [
        {
            "rolls": {
                "min": 1.0,
                "max": 3.0,
                "type": "minecraft:uniform"
            },
            "entries": [
                {
                    "type": "minecraft:item",
                    "functions": [
                        {
                            "function": "minecraft:set_count",
                            "count": {
                                "min": 0.0,
                                "max": 2.0,
                                "type": "minecraft:uniform"
                            }
                        },
                        {
                            "function": "minecraft:looting_enchant",
                            "count": {
                                "min": 0.0,
                                "max": 1.0
                            }
                        }
                    ],
                    "name": "minecraft:glowstone_dust"
                },
                {
                    "type": "minecraft:item",
                    "functions": [
                        {
                            "function": "minecraft:set_count",
                            "count": {
                                "min": 0.0,
                                "max": 2.0,
                                "type": "minecraft:uniform"
                            }
                        },
                        {
                            "function": "minecraft:looting_enchant",
                            "count": {
                                "min": 0.0,
                                "max": 1.0
                            }
                        }
                    ],
                    "name": "minecraft:sugar"
                },
                {
                    "type": "minecraft:item",
                    "functions": [
                        {
                            "function": "minecraft:set_count",
                            "count": {
                                "min": 0.0,
                                "max": 2.0,
                                "type": "minecraft:uniform"
                            }
                        },
                        {
                            "function": "minecraft:looting_enchant",
                            "count": {
                                "min": 0.0,
                                "max": 1.0
                            }
                        }
                    ],
                    "name": "minecraft:redstone"
                },
                {
                    "type": "minecraft:item",
                    "functions": [
                        {
                            "function": "minecraft:set_count",
                            "count": {
                                "min": 0.0,
                                "max": 2.0,
                                "type": "minecraft:uniform"
                            }
                        },
                        {
                            "function": "minecraft:looting_enchant",
                            "count": {
                                "min": 0.0,
                                "max": 1.0
                            }
                        }
                    ],
                    "name": "minecraft:spider_eye"
                },
                {
                    "type": "minecraft:item",
                    "functions": [
                        {
                            "function": "minecraft:set_count",
                            "count": {
                                "min": 0.0,
                                "max": 2.0,
                                "type": "minecraft:uniform"
                            }
                        },
                        {
                            "function": "minecraft:looting_enchant",
                            "count": {
                                "min": 0.0,
                                "max": 1.0
                            }
                        }
                    ],
                    "name": "minecraft:glass_bottle"
                },
                {
                    "type": "minecraft:item",
                    "functions": [
                        {
                            "function": "minecraft:set_count",
                            "count": {
                                "min": 0.0,
                                "max": 2.0,
                                "type": "minecraft:uniform"
                            }
                        },
                        {
                            "function": "minecraft:looting_enchant",
                            "count": {
                                "min": 0.0,
                                "max": 1.0
                            }
                        }
                    ],
                    "name": "minecraft:gunpowder"
                },
                {
                    "type": "minecraft:item",
                    "weight": 2,
                    "functions": [
                        {
                            "function": "minecraft:set_count",
                            "count": {
                                "min": 0.0,
                                "max": 2.0,
                                "type": "minecraft:uniform"
                            }
                        },
                        {
                            "function": "minecraft:looting_enchant",
                            "count": {
                                "min": 0.0,
                                "max": 1.0
                            }
                        }
                    ],
                    "name": "minecraft:stick"
                }
            ]
        },
        {
            "rolls": 1,
            "entries": [
                {
                    "type": "item",
                    "weight": 1,
                    "name": "minecraft:glass_bottle",
                    "functions": [
                        {
                            "function": "set_nbt",
                            "tag": "{display:{Name:'[{\"text\":\"Crystal Phial\",\"italic\":false}]',Lore:['[{\"text\":\"Villagers might be interested in this...\",\"italic\":false}]']},Enchantments:[{}],tag:\"mt_alchemy\"}"
                        }
                    ]
                },
                {
                    "type": "empty",
                    "weight": 63
                }
            ]
        },
        {
            "rolls": 1,
            "entries": [
                {
                    "type": "item",
                    "weight": 1,
                    "name": "minecraft:brewing_stand",
                    "functions": [
                        {
                            "function": "set_nbt",
                            "tag": "{display:{Name:'[{\"text\":\"Mixology Station\",\"italic\":false}]',Lore:['[{\"text\":\"Villagers might be interested in this...\",\"italic\":false}]']},Enchantments:[{}],tag:\"mt_bartender\"}"
                        }
                    ]
                },
                {
                    "type": "empty",
                    "weight": 63
                }
            ]
        }
    ]
}