{
    "display": {
        "title": {
            "text": "They're so tiny!",
            "italic": false
        },
        "description": {
            "text": "Trade with a Miniblock Trader after converting them by throwing a conversion item at them.",
            "color": "green"
        },
        "icon": {
            "item": "minecraft:player_head",
            "nbt": "{SkullOwner:{Id:[I;29332007,-1778564801,-1356248370,1733820860],Properties:{textures:[{Value:'eyJ0ZXh0dXJlcyI6eyJTS0lOIjp7InVybCI6Imh0dHA6Ly90ZXh0dXJlcy5taW5lY3JhZnQubmV0L3RleHR1cmUvODZhZGRiZDVkZWRhZDQwOTk5NDczYmU0YTdmNDhmNjIzNmE3OWEwZGNlOTcxYjVkYmQ3MzcyMDE0YWUzOTRkIn19fQ=='}]}}}"
        },
        "show_toast": true,
        "announce_to_chat": true
    },
    "parent": "global:miniblock_traders",
    "criteria": {
        "trade": {
            "trigger": "minecraft:villager_trade",
            "conditions": {
                "villager": {
                    "nbt": "{Tags:[\"mt_trader\"]}"
                }
            }
        }
    }
}