{
    "display": {
        "title": {
            "text": "I'm Lovin' It",
            "italic": false
        },
        "description": {
            "text": "Trade with all food Miniblock Traders.",
            "color": "green"
        },
        "icon": {
            "item": "minecraft:player_head",
            "nbt": "{SkullOwner:{Id:[I;410693725,489112843,-1096243421,-48415926],Properties:{textures:[{Value:'eyJ0ZXh0dXJlcyI6eyJTS0lOIjp7InVybCI6Imh0dHA6Ly90ZXh0dXJlcy5taW5lY3JhZnQubmV0L3RleHR1cmUvNWZiNDhlMmI5NjljNGMxYjg2YzVmODJhMmUyMzc5OWY0YTZmMzFjZTAwOWE1ZjkyYjM5ZjViMjUwNTdiMmRkMCJ9fX0='}]}}}"
        },
        "frame": "goal",
        "show_toast": true,
        "announce_to_chat": true
    },
    "parent": "global:traders/trade_any",
    "criteria": {
        "trade1": {
            "trigger": "minecraft:villager_trade",
            "conditions": {
                "villager": {
                    "nbt": "{Tags:[\"mt_trader_chef\"]}"
                }
            }
        },
        "trade2": {
            "trigger": "minecraft:villager_trade",
            "conditions": {
                "villager": {
                    "nbt": "{Tags:[\"mt_trader_bake\"]}"
                }
            }
        },
        "trade3": {
            "trigger": "minecraft:villager_trade",
            "conditions": {
                "villager": {
                    "nbt": "{Tags:[\"mt_trader_bartender\"]}"
                }
            }
        }
    }
}