{
    "display": {
        "title": {
            "text": "Around The World x144",
            "italic": false
        },
        "description": {
            "text": "Trade with all regional Miniblock Traders.",
            "color": "green"
        },
        "icon": {
            "item": "minecraft:player_head",
            "nbt": "{SkullOwner:{Id:[I;447438663,335825321,-1620679447,813838402],Properties:{textures:[{Value:'eyJ0ZXh0dXJlcyI6eyJTS0lOIjp7InVybCI6Imh0dHA6Ly90ZXh0dXJlcy5taW5lY3JhZnQubmV0L3RleHR1cmUvOGUzZjlkYjdiNDU3MzE3MWEyYjU4MzZlNjliYzZhNjMxNDUxNGZmZjViYzc5NzQzMzE5ZmQxOTFmNTM0NDQifX19'}]}}}"
        },
        "frame": "goal",
        "show_toast": true,
        "announce_to_chat": true
    },
    "parent": "global:traders/trade_any",
    "criteria": {
        "trade1": {
            "trigger": "minecraft:villager_trade",
            "conditions": {
                "villager": {
                    "nbt": "{Tags:[\"mt_trader_nether\"]}"
                }
            }
        },
        "trade2": {
            "trigger": "minecraft:villager_trade",
            "conditions": {
                "villager": {
                    "nbt": "{Tags:[\"mt_trader_ocean\"]}"
                }
            }
        },
        "trade3": {
            "trigger": "minecraft:villager_trade",
            "conditions": {
                "villager": {
                    "nbt": "{Tags:[\"mt_trader_desert\"]}"
                }
            }
        },
        "trade4": {
            "trigger": "minecraft:villager_trade",
            "conditions": {
                "villager": {
                    "nbt": "{Tags:[\"mt_trader_astronomy\"]}"
                }
            }
        }
    }
}